{
    "q_liq": [
        1.0,
        17.625,
        34.25,
        50.875,
        67.5,
        84.125,
        100.75,
        117.375,
        134.0,
        150.625,
        167.25,
        183.875,
        200.5,
        217.125,
        233.75,
        250.375,
        267.0,
        283.625,
        300.25,
        316.875,
        333.5,
        350.125,
        366.75,
        383.375,
        400.0
    ],
    "p_wf": [
        137.79828917542315,
        137.79301859467284,
        137.7802669283128,
        137.7603264423821,
        137.73325903208826,
        137.69909240008977,
        137.65784204444995,
        137.60951781271476,
        137.55412650006556,
        137.49167307465495,
        137.42216132753444,
        137.34559424815083,
        137.26197425591826,
        137.1713033505808,
        137.07358321400525,
        136.96881528150982,
        136.85700079331744,
        136.73814083259683,
        136.61223635419512,
        136.47928820674255,
        136.33929714993886,
        136.19226386826674,
        136.03818898201092,
        135.87707305621535,
        135.70891660803986
    ]
}